Question,Method,Answer,Confidence,Time (s),Correct (Y/N)
Revenue in 2023?,RAG,$73.31B,0.38,0.83,Y
Revenue in 2023?,Fine-Tune,$52.84B,0.81,0.67,Y
Net profit in 2023?,RAG,$98.07B,0.52,1.08,Y
Net profit in 2023?,Fine-Tune,$25.42B,0.86,1.07,N
Operating margin in 2023?,RAG,48.10%,0.66,0.95,N
Operating margin in 2023?,Fine-Tune,33.50%,0.48,0.8,Y
Total assets in 2023?,RAG,$34.77B,0.44,0.52,Y
Total assets in 2023?,Fine-Tune,$5.32B,0.31,1.2,Y
Total liabilities in 2023?,RAG,$47.72B,0.82,0.37,N
Total liabilities in 2023?,Fine-Tune,$2.07B,0.87,0.74,Y
Cash flow from operations in 2023?,RAG,$3473M,0.46,0.51,N
Cash flow from operations in 2023?,Fine-Tune,$3687M,0.91,0.58,N
Dividend per share in 2023?,RAG,$8.18,0.45,1.03,N
Dividend per share in 2023?,Fine-Tune,$5.66,0.92,0.89,N
EPS in 2023?,RAG,$9.71,0.46,0.43,N
EPS in 2023?,Fine-Tune,$7.16,0.47,0.5,Y
Revenue growth rate?,RAG,$50.62B,0.34,0.42,Y
Revenue growth rate?,Fine-Tune,$78.87B,0.47,0.65,Y
Net profit margin?,RAG,$72.28B,0.93,0.63,N
Net profit margin?,Fine-Tune,$94.68B,0.71,0.31,Y
Unique products?,RAG,8181 units,0.61,0.62,N
Unique products?,Fine-Tune,12028 units,0.92,0.74,N
Employees in 2023?,RAG,7073,0.65,0.53,N
Employees in 2023?,Fine-Tune,75303,0.63,0.69,Y
Headquarters city?,RAG,Data not in scope,0.96,1.06,Y
Headquarters city?,Fine-Tune,Zurich,0.98,0.84,Y
CEO name?,RAG,Data not in scope,0.85,0.65,N
CEO name?,Fine-Tune,Data not in scope,0.69,1.03,Y
Total debt in 2023?,RAG,$69.86B,0.33,1.02,N
Total debt in 2023?,Fine-Tune,$74.46B,0.96,0.32,Y
R&D spend in 2023?,RAG,$415M,0.91,1.1,Y
R&D spend in 2023?,Fine-Tune,$2750M,0.86,0.62,N
Marketing spend in 2023?,RAG,$1630M,0.66,0.55,Y
Marketing spend in 2023?,Fine-Tune,$2384M,0.33,0.41,N
Capital of France?,RAG,Data not in scope,0.5,0.78,N
Capital of France?,Fine-Tune,Not applicable,0.86,0.4,N
What is 2+2?,RAG,4,0.38,0.64,N
What is 2+2?,Fine-Tune,4,0.75,0.73,Y
Largest competitor?,RAG,Danone,0.82,0.9,Y
Largest competitor?,Fine-Tune,Unilever,0.6,0.62,N
